Column A,Column B,Column C,Column D,Column E
swetha,priyanka,sujana,sameera,anupama
madhuri,jack,john,jill,mahesh
manish,alex,ravi,raju,deepak
swetha,priyanka,sujana,sameera,anupama
madhuri,jack,john,jill,mahesh
manish,alex,ravi,raju,deepak
swetha,priyanka,sujana,sameera,anupama
madhuri,jack,john,jill,mahesh
manish,alex,ravi,raju,deepak
swetha,priyanka,sujana,sameera,anupama
madhuri,jack,john,jill,mahesh
manish,alex,ravi,raju,deepak
Row 3,Row 3,Row 3,Row 3,Row 3
Row 4,Row 4,Row 4,Row 4,Row 4
Row 5,Row 5,Row 5,Row 5,Row 5
Row 5,ddd,ff,cc,jj
Row 2,Row 2,Row 2,Row 2,Row 2
Row 3,Row 3,Row 3,Row 3,Row 3
Row 4,Row 4,Row 4,Row 4,Row 4
Row 5,Row 5,Row 5,Row 5,Row 5
Row 5,ddd,ff,cc,jj
Row 2,Row 2,Row 2,Row 2,Row 2
Row 3,Row 3,Row 3,Row 3,Row 3
Row 4,Row 4,Row 4,Row 4,Row 4
Row 5,Row 5,Row 5,Row 5,Row 5
Row 5,ddd,ff,cc,jj
Row 2,Row 2,Row 2,Row 2,Row 2
Row 3,Row 3,Row 3,Row 3,Row 3
Row 4,Row 4,Row 4,Row 4,Row 4
Row 5,Row 5,Row 5,Row 5,Row 5
Row 5,ddd,ff,cc,jj
Row 2,Row 2,Row 2,Row 2,Row 2
Row 3,Row 3,Row 3,Row 3,Row 3
Row 4,Row 4,Row 4,Row 4,Row 4
Row 5,Row 5,Row 5,Row 5,Row 5
Row 5,ddd,ff,cc,jj
Row 2,Row 2,Row 2,Row 2,Row 2
Row 3,Row 3,Row 3,Row 3,Row 3
Row 4,Row 4,Row 4,Row 4,Row 4
Row 5,Row 5,Row 5,Row 5,Row 5
Row 5,ddd,ff,cc,jj
Row 2,Row 2,Row 2,Row 2,Row 2
Row 3,Row 3,Row 3,Row 3,Row 3
Row 4,Row 4,Row 4,Row 4,Row 4
Row 5,Row 5,Row 5,Row 5,Row 5
Row 5,ddd,ff,cc,jj
Row 2,Row 2,Row 2,Row 2,Row 2
Row 3,Row 3,Row 3,Row 3,Row 3
Row 4,Row 4,Row 4,Row 4,Row 4
Row 5,Row 5,Row 5,Row 5,Row 5
Row 5,ddd,ff,cc,jj
Row 2,Row 2,Row 2,Row 2,Row 2
Row 3,Row 3,Row 3,Row 3,Row 3
Row 4,Row 4,Row 4,Row 4,Row 4
Row 5,Row 5,Row 5,Row 5,Row 5
Row 5,ddd,ff,cc,jj
Row 2,Row 2,Row 2,Row 2,Row 2
Row 3,Row 3,Row 3,Row 3,Row 3
Row 4,Row 4,Row 4,Row 4,Row 4
Row 5,Row 5,Row 5,Row 5,Row 5
Row 5,ddd,ff,cc,jj
Row 2,Row 2,Row 2,Row 2,Row 2
Row 3,Row 3,Row 3,Row 3,Row 3
Row 4,Row 4,Row 4,Row 4,Row 4
Row 5,Row 5,Row 5,Row 5,Row 5
Row 5,ddd,ff,cc,jj
Row 2,Row 2,Row 2,Row 2,Row 2
Row 3,Row 3,Row 3,Row 3,Row 3
Row 4,Row 4,Row 4,Row 4,Row 4
Row 5,Row 5,Row 5,Row 5,Row 5
Row 5,ddd,ff,cc,jj
Row 2,Row 2,Row 2,Row 2,Row 2
Row 3,Row 3,Row 3,Row 3,Row 3
Row 4,Row 4,Row 4,Row 4,Row 4
Row 5,Row 5,Row 5,Row 5,Row 5
Row 5,ddd,ff,cc,jj
Row 2,Row 2,Row 2,Row 2,Row 2
Row 3,Row 3,Row 3,Row 3,Row 3
Row 4,Row 4,Row 4,Row 4,Row 4
Row 5,Row 5,Row 5,Row 5,Row 5
